{"_a1c5b29f-8010-4042-a439-dac2d5475263": {"trafo": "FT42_T401", "normalStep": 7, "neutralStep": 13, "highStep": 25, "lowStep": 1, "stepVoltageIncrement": 1.00000012}, "_2fbdc2f6-0180-4f1d-9052-86a56bdcb027": {"trafo": "FT42_T402", "normalStep": 7, "neutralStep": 13, "highStep": 25, "lowStep": 1, "stepVoltageIncrement": 1.00000012}, "_7039c9e3-7307-4dd8-9aeb-4d0b0cfcaab9": {"trafo": "FT50_T401", "normalStep": 7, "neutralStep": 13, "highStep": 25, "lowStep": 1, "stepVoltageIncrement": 1.00000012}, "_5eb91a21-eb17-4183-ad20-a0736fea85d9": {"trafo": "FT50_T402", "normalStep": 7, "neutralStep": 13, "highStep": 25, "lowStep": 1, "stepVoltageIncrement": 1.00000012}, "_9a5d81fe-8cdc-43f8-8afa-bbf6ad3e7153": {"trafo": "T11", "normalStep": 10, "neutralStep": 12, "highStep": 15, "lowStep": 1, "stepVoltageIncrement": 1.79285705}, "_fe20f477-5f46-41db-8c64-96f1b41c80a7": {"trafo": "T1", "normalStep": 8, "neutralStep": 12, "highStep": 15, "lowStep": 1, "stepVoltageIncrement": 1.79285705}, "_ec244f02-8477-490b-b0c0-d16a7f944ee8": {"trafo": "XT201-T1", "normalStep": 10, "neutralStep": 13, "highStep": 25, "lowStep": 1, "stepVoltageIncrement": 1.24999988}, "_46f28ad0-cb05-4cf3-b5b4-816178a3f9f8": {"trafo": "XT201-T2", "normalStep": 9, "neutralStep": 13, "highStep": 25, "lowStep": 1, "stepVoltageIncrement": 1.24999988}, "_88de70a9-9239-46d1-a08e-c878a085be6b": {"trafo": "XT191-T1", "normalStep": 12, "neutralStep": 13, "highStep": 25, "lowStep": 1, "stepVoltageIncrement": 1.24999988}, "_ad8f54e9-0d47-4f30-99d4-d6b116877d5c": {"trafo": "ST6_T1", "normalStep": 8, "neutralStep": 8, "highStep": 15, "lowStep": 1, "stepVoltageIncrement": 1.24999964}, "_a95db68b-0337-43ca-9331-005935878101": {"trafo": "ST5_T1", "normalStep": 5, "neutralStep": 8, "highStep": 15, "lowStep": 1, "stepVoltageIncrement": 1.24999964}}